{
  "project_info": {
    "project_number": "217373565648",
    "firebase_url": "https://mapassignment2-8a64b.firebaseio.com",
    "project_id": "mapassignment2-8a64b",
    "storage_bucket": "mapassignment2-8a64b.appspot.com"
  },
  "client": [
    {
      "client_info": {
        "mobilesdk_app_id": "1:217373565648:android:5ebfb107cb3f7585a674d5",
        "android_client_info": {
          "package_name": "com.example.mapassignment2"
        }
      },
      "oauth_client": [
        {
          "client_id": "217373565648-eut0ip8b9lg07fb7ep64h4n5iq9diupj.apps.googleusercontent.com",
          "client_type": 3
        }
      ],
      "api_key": [
        {
          "current_key": "AIzaSyBvSnF0yrCAz0x-0NfnfUimdR4eR4y7UHY"
        }
      ],
      "services": {
        "appinvite_service": {
          "other_platform_oauth_client": [
            {
              "client_id": "217373565648-eut0ip8b9lg07fb7ep64h4n5iq9diupj.apps.googleusercontent.com",
              "client_type": 3
            }
          ]
        }
      }
    }
  ],
  "configuration_version": "1"
}